{"train/loss": 6.2506, "train/grad_norm": 1.4467501640319824, "train/learning_rate": 3.3333333333333335e-05, "train/epoch": 0.004, "train/global_step": 2000, "_timestamp": 1731986190.3547347, "_runtime": 15360.16222858429, "_step": 3}